/images/images (45).jpg,"27.486290, -109.941340",菇,墨西哥
/images/images (40).jpg,"35.345078, 138.557510",菇,日本
/images/images (39).jpg,"-19.272987, 146.760414",菇,澳洲
/images/images (38).jpg,"35.443645, 138.602207",花,日本
/images/images (37).jpg,"35.729983, 139.717276",掃描,日本
/images/images (36).jpg,"33.906931, 132.709522",菇,日本
/images/images (35).jpg,"34.012863, -84.195828",菇,美國
/images/images (34).jpg,"45.355040, -110.726845",菇,美國
/images/images (33).jpg,"34.706164, 135.498290",花,日本
/images/images (32).jpg,"39.757216, 140.794746",菇,日本
/images/images (31).jpg,"47.561795, 10.694831",花,德國
/images/images (30).jpg,"35.344903, 138.557532",菇,日本
/images/images (29).jpg,"34.365473, 132.317684",花,日本
/images/images (9).jpg,"51.082498, -115.349944",花,加拿大
/images/images (10).jpg,"35.690838, 139.704342",掃描,日本
/images/images (11).jpg,"39.584623, -119.745634",菇,美國
/images/images (12).jpg,"41.391733, 2.164972",花,西班牙
/images/images (28).jpg,"36.404049, 140.599841",菇,日本
/images/images (23).jpg,"42.938984, 143.298808",菇,日本
/images/images (18).jpg,"7.156331, 125.681984",菇,菲律賓
/images/images (17).jpg,"45.506475, 10.827729",菇,義大利
/images/images (16).jpg,"42.980343, 16.022535",菇,克羅埃西亞
/images/images (15).jpg,"-34.524100, -58.747652",花,阿根廷
/images/images (14).jpg,"61.485172, 23.482692",菇,芬蘭
/images/images (13).jpg,"35.659419, 134.831042",菇,日本
/images/images (8).jpg,"46.118726, 9.278769",菇,義大利
/images/images (6).jpg,"37.666255, 140.486410",菇,日本
/images/images (1).jpg,"35.138112, 129.052223",菇,韓國
/images/images (58).jpg,"19.538568, -99.066156",菇,墨西哥
/images/images (57).jpg,"54.419670, -2.962269",菇,英國
/images/images (56).jpg,"41.964468, -76.510629",菇,美國
/images/images (55).jpg,"58.7122720,-111.1538970",花,加拿大
/images/images (7).jpg,"61.3008830, -149.5153750",菇,美國
/images/images (54).jpg,"50.533221, 5.570948",菇,比利時
/images/images (50).jpg,"35.196674,129.215820",菇,韓國
/images/images (27).jpg,"34.5243650, 136.5669700",菇,日本
/images/images (43).jpg,"40.614672,139.862797",菇,日本
/images/images (25).jpg,"26.6879770, 128.0031530",菇,日本
/images/images (24).jpg,"39.159196,-77.277885",菇,美國
/images/images (51).jpg,"64.8848,12.437688",菇,挪威
/images/images (52).jpg,"37.518754,139.907161",菇,日本
/images/images (53).jpg,"46.02690, 11.05860",菇,義大利
/images/images (5).jpg,"35.695937, -81.237003",菇,美國
/images/images (49).jpg,"35.110016,138.842256",菇,日本
/images/images (48).jpg,"33.307124,130.610549",菇,日本
/images/images (46).jpg,"42.354014,142.354183",菇,日本
/images/images (47).jpg,"35.295830,138.959259",菇,日本
/images/images (19).jpg,"52.461281,-1.925617",菇,英國
/images/images (22).jpg,"51.3696830, 9.7648130",菇,德國
/images/images (3).jpg,"36.272470, 139.072776",菇,日本
/images/images (41).jpg,"-62.199886,-58.967322",菇,南極
/images/images (42).jpg,"-65.245622,-64.258723",菇,南極
/images/images (20).jpg,"46.4697040, 30.7396460 ",菇,烏克蘭
/images/images (4).jpg,"34.1533860,135.6042340",菇,日本
/images/images (44).jpg,"34.8112630,137.2323610",菇,日本
/images/images (2).jpg,"28.474587, -81.466449",菇,美國
/images/images (21).jpg,"37.2875344,126.9916082",菇,韓國
/images/images (43).jpg,"42.6256690, -6.5220660",菇,西班牙
,,,
,,,
,,,
,,,
,,,
,,,
,,,
,,,
,,,
